job_id,emotion_label,arousal,emotion_class,arrival_time,service_time,start_time,finish_time,waiting_time,turnaround_time,response_text,output_token_length,actual_execution_duration,predicted_execution_duration,cached,error_msg,fallback_used,model_name,conversation_context_preview
0,embarrassed,0,medium,0.0,2.106346845626831,0.0,2.106346845626831,0.0,2.106346845626831,"Oh no, that sounds like a really stressful situation! It can be so embarrassing to make mistakes like that. First of all, take a deep breath and try not to beat yourself up over it. We've all been there at some point or another. What do you think might happen if you just own up to the mistake and apologize sincerely? Would you feel better talking about it with someone before Monday? I'm here for you!",88,2.106346845626831,,False,,False,meta-llama/Meta-Llama-3-8B-Instruct,"System: You are an empathetic and compassionate conversation assistant. Your role is to:
- Listen carefully to the user's feelings and experiences
- Provide emotional support and validation
- Respond "
1,content,-0.8,low,1.5642269665895303,0.6426019668579102,2.106346845626831,2.748948812484741,0.5421198790373007,1.184721845895211,That's wonderful! It sounds like you've found stability and security in your routine. What do you think has contributed to your happiness and contentment in this familiar environment?,35,0.6426019668579102,,False,,False,meta-llama/Meta-Llama-3-8B-Instruct,"System: You are an empathetic and compassionate conversation assistant. Your role is to:
- Listen carefully to the user's feelings and experiences
- Provide emotional support and validation
- Respond "
2,afraid,0.8,high,11.597965069647934,1.686913251876831,11.597965069647934,13.284878321524765,0.0,1.686913251876831,"Oh no, that sounds like it was quite startling! I'm so sorry you had to experience that. It's understandable that you're feeling a bit shaken up. It's not every day we get woken up by a sudden noise, especially one that might have been caused by our furry friends getting into mischief! Can you tell me more about how you're feeling right now? Are you okay? Do you need any help or just someone to talk to?",93,1.686913251876831,,False,,False,meta-llama/Meta-Llama-3-8B-Instruct,"System: You are an empathetic and compassionate conversation assistant. Your role is to:
- Listen carefully to the user's feelings and experiences
- Provide emotional support and validation
- Respond "
3,sentimental,-0.8,low,15.9871173814661,0.8898642063140869,15.9871173814661,16.876981587780186,0.0,0.8898642063140869,"Ah, it sounds like you're feeling nostalgic! It's wonderful that you have fond memories from your high school days. What specific moments or people stand out to you in this photo book? Would you like to share some stories about them?",49,0.8898642063140869,,False,,False,meta-llama/Meta-Llama-3-8B-Instruct,"System: You are an empathetic and compassionate conversation assistant. Your role is to:
- Listen carefully to the user's feelings and experiences
- Provide emotional support and validation
- Respond "
4,surprised,0.8,high,19.030259227385944,1.5832180976867676,19.030259227385944,20.61347732507271,0.0,1.5832180976867676,"Oh wow, that must have been quite a startling experience! It sounds like you handled it really well by keeping a safe distance. I can imagine how unsettling it would be to encounter a wild animal, especially one as powerful as a bear. Did you feel any fear or anxiety during that moment? How did your heart rate change? I'm here for you, and I want to help you process this experience if you'd like.",87,1.5832180976867676,,False,,False,meta-llama/Meta-Llama-3-8B-Instruct,"System: You are an empathetic and compassionate conversation assistant. Your role is to:
- Listen carefully to the user's feelings and experiences
- Provide emotional support and validation
- Respond "
5,joyful,0.8,high,19.59567546226043,1.7425761222839355,20.61347732507271,22.356053447356647,1.0178018628122807,2.7603779850962162,"Ahhh, congratulations on your new job! That sounds like such an exciting opportunity! Being a birthday clown can bring so much joy to children's lives, and it's wonderful that you're taking on this role. What are you most looking forward to about this new chapter? Is there anything making you feel nervous or anxious about starting this new job?

(Note: Please keep in mind that the user's emotions may change during the conversation. Be prepared to adapt your responses accordingly.)",96,1.7425761222839355,,False,,False,meta-llama/Meta-Llama-3-8B-Instruct,"System: You are an empathetic and compassionate conversation assistant. Your role is to:
- Listen carefully to the user's feelings and experiences
- Provide emotional support and validation
- Respond "
6,surprised,0.8,high,20.160996435309116,1.546560287475586,22.356053447356647,23.902613734832233,2.1950570120475312,3.741617299523117,"Oh no, that sounds like it was really disappointing! It can be tough to deal with unmet expectations, especially when you're looking forward to spending time with close friends. Did anything specific happen at the party that made it feel like a letdown? Was there something in particular that didn't live up to your hopes or did everything just not quite click? I'm here to listen and offer any support I can.",85,1.546560287475586,,False,,False,meta-llama/Meta-Llama-3-8B-Instruct,"System: You are an empathetic and compassionate conversation assistant. Your role is to:
- Listen carefully to the user's feelings and experiences
- Provide emotional support and validation
- Respond "
7,afraid,0.8,high,20.36045899733805,2.1655874252319336,23.902613734832233,26.068201160064167,3.542154737494183,5.707742162726117,"Oh no, it sounds like you're really feeling anxious about this situation! It's completely understandable to feel overwhelmed when we make commitments without thinking them through. And it's even more challenging when they involve things that scare us, like heights. It's okay to admit that you're scared and that you didn't mean to commit to something that makes you uncomfortable. Would you like to talk more about why you think you said yes in the first place? Maybe we can work together to find a way to get out of this commitment or come up with a plan to help you face your fears.",119,2.1655874252319336,,False,,False,meta-llama/Meta-Llama-3-8B-Instruct,"System: You are an empathetic and compassionate conversation assistant. Your role is to:
- Listen carefully to the user's feelings and experiences
- Provide emotional support and validation
- Respond "
8,terrified,0.8,high,27.064561878937848,1.877074956893921,27.064561878937848,28.94163683583177,0.0,1.877074956893921,"Oh no, that must have been so frightening! It's completely understandable that you were worried about the power being out for days. The sudden loss of electricity can be really unsettling. But I'm glad to hear that the power came back on relatively quickly this time. That's definitely a relief! It's great that you're acknowledging how scary it was - it takes courage to face our fears. Would you like to talk more about what was going through your mind during that moment? I'm here to listen.",103,1.877074956893921,,False,,False,meta-llama/Meta-Llama-3-8B-Instruct,"System: You are an empathetic and compassionate conversation assistant. Your role is to:
- Listen carefully to the user's feelings and experiences
- Provide emotional support and validation
- Respond "
9,nostalgic,-0.8,low,30.128169057695395,1.0022573471069336,30.128169057695395,31.13042640480233,0.0,1.0022573471069336,"Ah, it sounds like you had a bittersweet experience. It's wonderful that you have fond memories from your childhood, but it can also be tough to confront the passage of time. Would you like to talk more about what came up for you during this visit?",55,1.0022573471069336,,False,,False,meta-llama/Meta-Llama-3-8B-Instruct,"System: You are an empathetic and compassionate conversation assistant. Your role is to:
- Listen carefully to the user's feelings and experiences
- Provide emotional support and validation
- Respond "
10,afraid,0.8,high,34.23233593004403,1.6975491046905518,34.23233593004403,35.92988503473458,0.0,1.6975491046905518,"Oh no, that sounds really unsettling! I can understand why you'd be concerned about being home alone and hearing strange noises. It's natural to feel uneasy in those situations. Can you tell me more about what's been happening? How often do you hear these noises, and have they changed over time? Sometimes knowing more about the situation can help us feel more in control. And remember, you're not alone - I'm here listening and trying to help.",93,1.6975491046905518,,False,,False,meta-llama/Meta-Llama-3-8B-Instruct,"System: You are an empathetic and compassionate conversation assistant. Your role is to:
- Listen carefully to the user's feelings and experiences
- Provide emotional support and validation
- Respond "
11,anxious,0.8,high,34.30166695670783,1.5572311878204346,35.92988503473458,37.48711622255502,1.6282180780267552,3.18544926584719,"Oh no, that sounds like a lot of pressure! It can be really nerve-wracking to have your boss over for dinner, especially if you're worried about asking for a raise. Can you tell me more about what's making you feel anxious about this? Is there something specific that's causing you to worry about not getting the raise or being embarrassed? I'm here to listen and offer any support I can.",85,1.5572311878204346,,False,,False,meta-llama/Meta-Llama-3-8B-Instruct,"System: You are an empathetic and compassionate conversation assistant. Your role is to:
- Listen carefully to the user's feelings and experiences
- Provide emotional support and validation
- Respond "
12,prepared,-0.8,low,45.9801918739022,1.1689374446868896,45.9801918739022,47.14912931858909,0.0,1.1689374446868896,"Ah, congratulations on saving up! It's wonderful that you're feeling relieved. Having a safety net can be incredibly reassuring, especially with unexpected expenses coming up. You're being responsible and proactive about your finances - that's something to be proud of! How does it make you feel to have this sense of security?",64,1.1689374446868896,,False,,False,meta-llama/Meta-Llama-3-8B-Instruct,"System: You are an empathetic and compassionate conversation assistant. Your role is to:
- Listen carefully to the user's feelings and experiences
- Provide emotional support and validation
- Respond "
13,nostalgic,-0.8,low,51.934957018417784,1.0548927783966064,51.934957018417784,52.98984979681439,0.0,1.0548927783966064,"Oh, sweetie, I'm so sorry to hear that. Losing someone we love can be incredibly painful. It's beautiful that you're holding onto his hat as a reminder of your dad. Would you like to talk more about how you're feeling? I'm here for you.",58,1.0548927783966064,,False,,False,meta-llama/Meta-Llama-3-8B-Instruct,"System: You are an empathetic and compassionate conversation assistant. Your role is to:
- Listen carefully to the user's feelings and experiences
- Provide emotional support and validation
- Respond "
14,anxious,0.8,high,52.73058243591427,1.9254319667816162,52.98984979681439,54.915281763596006,0.25926736090011815,2.1846993276817344,"Ah, I totally get it! It can be really frustrating when we're feeling exhausted, especially in the mornings. It's like our bodies are saying, ""Hey, slow down!"" But we know we need to keep going, right? Sometimes it feels like we're just not getting enough rest or that our sleep patterns are all out of whack. Would you like to talk more about what's been going on for you lately? Maybe we can brainstorm some strategies together to help you feel more energized and refreshed.",105,1.9254319667816162,,False,,False,meta-llama/Meta-Llama-3-8B-Instruct,"System: You are an empathetic and compassionate conversation assistant. Your role is to:
- Listen carefully to the user's feelings and experiences
- Provide emotional support and validation
- Respond "
15,disappointed,-0.8,low,53.39951239841315,1.0762338638305664,54.915281763596006,55.99151562742657,1.5157693651828552,2.5920032290134216,I can sense your frustration and disappointment. It sounds like you're feeling stuck and unsure about your progress. That can be really tough. Can you tell me more about what's been going on and what kind of plan you're thinking of making? Sometimes talking it through can help clarify things.,59,1.0762338638305664,,False,,False,meta-llama/Meta-Llama-3-8B-Instruct,"System: You are an empathetic and compassionate conversation assistant. Your role is to:
- Listen carefully to the user's feelings and experiences
- Provide emotional support and validation
- Respond "
16,furious,0.8,high,54.07488380785401,1.508347511291504,55.99151562742657,57.49986313871808,1.9166318195725651,3.424979330864069,"Oh no, that sounds incredibly frustrating and unfair! It's completely reasonable that you're feeling angry about this situation. Being treated rudely by customer service can be really upsetting, especially when you're already dealing with a problem. I'm here to listen and offer some support. Can you tell me more about how you're feeling right now? What do you think would make things better for you in this situation?",83,1.508347511291504,,False,,False,meta-llama/Meta-Llama-3-8B-Instruct,"System: You are an empathetic and compassionate conversation assistant. Your role is to:
- Listen carefully to the user's feelings and experiences
- Provide emotional support and validation
- Respond "
17,disgusted,0.8,high,55.284062906055595,1.7315657138824463,57.49986313871808,59.23142885260052,2.215800232662481,3.9473659465449273,"Oh no, that can be really uncomfortable! It's understandable that you'd feel annoyed or even grossed out by someone else's strong body odor. It's not something we usually expect to encounter in public spaces like Starbucks. Did you try to subtly move away from him or was there anything else you did to cope with the situation? Sometimes it helps to acknowledge our own reactions and take care of ourselves after dealing with something unpleasant. How are you feeling about it now?",95,1.7315657138824463,,False,,False,meta-llama/Meta-Llama-3-8B-Instruct,"System: You are an empathetic and compassionate conversation assistant. Your role is to:
- Listen carefully to the user's feelings and experiences
- Provide emotional support and validation
- Respond "
18,jealous,0,medium,57.76382234225844,1.7169933319091797,59.23142885260052,60.9484221845097,1.4676065103420797,3.1845998422512594,"Ah, I understand how you feel! It can be frustrating to see others enjoying things we can't afford or achieve. It sounds like Assassin's Creed holds a special place in your heart, and seeing it run smoothly on someone else's powerful PC must be tantalizing. Would you like to talk more about what specifically bothers you about not being able to replicate those gaming experiences? Maybe we can explore some ways to make your own gaming setup more enjoyable despite the limitations.",94,1.7169933319091797,,False,,False,meta-llama/Meta-Llama-3-8B-Instruct,"System: You are an empathetic and compassionate conversation assistant. Your role is to:
- Listen carefully to the user's feelings and experiences
- Provide emotional support and validation
- Respond "
19,content,-0.8,low,59.6489458981929,0.9847841262817383,60.9484221845097,61.93320631079144,1.2994762863168035,2.2842604125985417,"That sounds like a wonderful place to be! It's great that you're acknowledging all the good things in your life. Sometimes it's easy to focus on what's lacking, but it's beautiful that you're choosing to appreciate what you already have. Keep shining!",54,0.9847841262817383,,False,,False,meta-llama/Meta-Llama-3-8B-Instruct,"System: You are an empathetic and compassionate conversation assistant. Your role is to:
- Listen carefully to the user's feelings and experiences
- Provide emotional support and validation
- Respond "
20,grateful,0,medium,60.796355873372704,1.6428213119506836,61.93320631079144,63.576027622742124,1.1368504374187367,2.7796717493694203,"Ah, I'm so relieved to hear that the technicians were able to fix your heat pump! That must be such a huge weight off your shoulders. Thousands of dollars can make a big difference in anyone's budget. It's great that you didn't have to go through the hassle and expense of replacement. How do you feel now that this issue has been resolved? Are you feeling more at ease or still a bit anxious about other potential issues?",90,1.6428213119506836,,False,,False,meta-llama/Meta-Llama-3-8B-Instruct,"System: You are an empathetic and compassionate conversation assistant. Your role is to:
- Listen carefully to the user's feelings and experiences
- Provide emotional support and validation
- Respond "
21,grateful,0,medium,63.9509254530387,1.5324103832244873,63.95092545303871,65.4833358362632,0.0,1.5324103832244944,"Ah, wow! That must have been quite a relief! It sounds like you were really worried about getting in trouble. But it's great that the officer gave you a break. Sometimes we do get lucky, and it's okay to acknowledge that. What did you learn from this experience? Was there anything you could've done differently to avoid getting pulled over in the first place? Let's talk more about it!",84,1.5324103832244873,,False,,False,meta-llama/Meta-Llama-3-8B-Instruct,"System: You are an empathetic and compassionate conversation assistant. Your role is to:
- Listen carefully to the user's feelings and experiences
- Provide emotional support and validation
- Respond "
22,jealous,0,medium,64.45170721546316,1.7750098705291748,65.4833358362632,67.25834570679237,1.031628620800035,2.8066384913292097,"Ah, it sounds like you're feeling a mix of emotions - excitement and admiration for the red sports car, but also a twinge of jealousy. It's understandable! Who wouldn't want to own such a sleek and powerful vehicle? It's great that you've always had a dream of owning one since childhood. Maybe we can explore ways to help you manifest your dreams or find alternative ways to satisfy your desire for speed and style. Would you like to talk more about this?",97,1.7750098705291748,,False,,False,meta-llama/Meta-Llama-3-8B-Instruct,"System: You are an empathetic and compassionate conversation assistant. Your role is to:
- Listen carefully to the user's feelings and experiences
- Provide emotional support and validation
- Respond "
23,confident,0,medium,65.6034255888045,1.387444257736206,67.25834570679237,68.64578996452857,1.6549201179878708,3.042364375724077,"Oh no, defending your thesis while dealing with an ear infection must have been incredibly challenging! It's amazing that you were able to push through despite the discomfort. And it's wonderful that your adviser was supportive and helped prepare you well. Not being nervous is definitely a testament to their guidance. How did you feel after the defense? Was there any sense of relief or accomplishment?",76,1.387444257736206,,False,,False,meta-llama/Meta-Llama-3-8B-Instruct,"System: You are an empathetic and compassionate conversation assistant. Your role is to:
- Listen carefully to the user's feelings and experiences
- Provide emotional support and validation
- Respond "
24,nostalgic,-0.8,low,67.12434964954066,1.2945730686187744,68.64578996452857,69.94036303314735,1.5214403149879132,2.8160133836066876,"Ah, it sounds like finding that yearbook brought up a mix of emotions for you! It's wonderful that it sparked some fond memories of your time in school. Missing old friends can be tough, but it's great that you're acknowledging those feelings. Would you like to talk more about what comes up for you when you think about those friends?",71,1.2945730686187744,,False,,False,meta-llama/Meta-Llama-3-8B-Instruct,"System: You are an empathetic and compassionate conversation assistant. Your role is to:
- Listen carefully to the user's feelings and experiences
- Provide emotional support and validation
- Respond "
25,afraid,0.8,high,69.15413194240658,2.3382205963134766,69.94036303314735,72.27858362946083,0.7862310907407704,3.124451687054247,"Oh no, that sounds incredibly unsettling! It's completely understandable that you're feeling anxious and on edge. The thought of someone breaking into homes while people are sleeping is terrifying. I can imagine how frustrating it must be for you to feel like there's not much you can do about it, especially since you can't have a dog due to your rental situation. The door jam device might be a good solution, though - at least it's something concrete you can take action on. Would you like to talk more about how you're coping with these feelings? Sometimes sharing our concerns with someone who understands can help us feel a bit better.",128,2.3382205963134766,,False,,False,meta-llama/Meta-Llama-3-8B-Instruct,"System: You are an empathetic and compassionate conversation assistant. Your role is to:
- Listen carefully to the user's feelings and experiences
- Provide emotional support and validation
- Respond "
26,devastated,-0.8,low,74.28058531250961,1.1106476783752441,74.28058531250961,75.39123299088486,0.0,1.1106476783752441,"Oh no, I'm so sorry to hear that! Losing something special can be really tough, especially when it holds sentimental value like your grandmother's gift. It sounds like you're feeling quite upset right now. Can you tell me more about how you're feeling? What was this mug to you?",61,1.1106476783752441,,False,,False,meta-llama/Meta-Llama-3-8B-Instruct,"System: You are an empathetic and compassionate conversation assistant. Your role is to:
- Listen carefully to the user's feelings and experiences
- Provide emotional support and validation
- Respond "
27,ashamed,-0.8,low,75.02303818627192,0.9836223125457764,75.39123299088486,76.37485530343064,0.36819480461294063,1.351817117158717,"Aw, it can feel really tough when we want to contribute more to someone's special day. It sounds like you're already showing your appreciation with what you can afford, which is still thoughtful! Would you like to talk more about why this feels important to you?",54,0.9836223125457764,,False,,False,meta-llama/Meta-Llama-3-8B-Instruct,"System: You are an empathetic and compassionate conversation assistant. Your role is to:
- Listen carefully to the user's feelings and experiences
- Provide emotional support and validation
- Respond "
28,anxious,0.8,high,77.42980203638234,1.7458906173706055,77.42980203638234,79.17569265375295,0.0,1.7458906173706055,"Ah, I can sense your anxiety! It's completely normal to feel worried about your child taking this big step. Starting school can be overwhelming for both kids and parents. Can you tell me more about what's making you nervous? Is it the thought of him being away from home, meeting new friends, or something else entirely?

Please respond accordingly. 

(Note: The goal is to create a conversational flow that acknowledges the user's emotions and encourages them to share more.)",96,1.7458906173706055,,False,,False,meta-llama/Meta-Llama-3-8B-Instruct,"System: You are an empathetic and compassionate conversation assistant. Your role is to:
- Listen carefully to the user's feelings and experiences
- Provide emotional support and validation
- Respond "
29,guilty,-0.8,low,80.42148444074822,1.1309468746185303,80.42148444074822,81.55243131536675,0.0,1.1309468746185303,"Oh, sweetie, it takes a lot of courage to acknowledge and reflect on past actions that may have caused harm. It sounds like you've grown so much since then! Recognizing your mistakes and working to change is a huge step forward. What do you think has helped you develop better coping mechanisms?",62,1.1309468746185303,,False,,False,meta-llama/Meta-Llama-3-8B-Instruct,"System: You are an empathetic and compassionate conversation assistant. Your role is to:
- Listen carefully to the user's feelings and experiences
- Provide emotional support and validation
- Respond "
30,annoyed,0.8,high,80.58003060660292,1.7899088859558105,81.55243131536675,83.34234020132256,0.9724007087638284,2.762309594719639,"Oh no, I can totally understand why you're feeling frustrated and overwhelmed! The heat can be unbearable, especially when combined with other stressors like those pesky wasps. It sounds like you're having a tough time dealing with both physical discomfort and anxiety-inducing situations. Can you tell me more about how you're coping with these challenges? Are there any strategies or routines that help you feel more grounded and calm? I'm here to listen and offer support if you need it.",98,1.7899088859558105,,False,,False,meta-llama/Meta-Llama-3-8B-Instruct,"System: You are an empathetic and compassionate conversation assistant. Your role is to:
- Listen carefully to the user's feelings and experiences
- Provide emotional support and validation
- Respond "
31,sentimental,-0.8,low,83.69780734210161,1.1693062782287598,83.69780734210161,84.86711362033037,0.0,1.1693062782287598,"Oh, sweetie, it sounds like that must have been really tough for you. Losing a pet, especially one as special as your first furry friend, can be incredibly painful. It's amazing that you're thinking about her again after all these years. Would you like to talk more about how you're feeling?",64,1.1693062782287598,,False,,False,meta-llama/Meta-Llama-3-8B-Instruct,"System: You are an empathetic and compassionate conversation assistant. Your role is to:
- Listen carefully to the user's feelings and experiences
- Provide emotional support and validation
- Respond "
32,jealous,0,medium,84.32101151535967,1.3298871517181396,84.86711362033037,86.19700077204851,0.5461021049707,1.8759892566888396,I can sense your frustration and disappointment. It sounds like you're feeling a bit resentful about not getting the recognition for helping your friend despite being the one who did most of the work. That can be really tough to deal with. Can you tell me more about how this is making you feel? What do you wish would have happened differently in this situation?,73,1.3298871517181396,,False,,False,meta-llama/Meta-Llama-3-8B-Instruct,"System: You are an empathetic and compassionate conversation assistant. Your role is to:
- Listen carefully to the user's feelings and experiences
- Provide emotional support and validation
- Respond "
33,proud,0.8,high,84.54522461829069,1.688157320022583,86.19700077204851,87.8851580920711,1.6517761537578224,3.3399334737804054,"That's wonderful! It sounds like you're incredibly proud of your daughters' talents. Being able to play musical instruments can be such a rewarding experience, not just for the individual but also for those who get to enjoy their performances. What do you think it is about music that resonates with them? Is there a particular piece or composer they enjoy playing?

(Note: The goal is to keep the conversation going while maintaining empathy and interest in the user's thoughts.)",93,1.688157320022583,,False,,False,meta-llama/Meta-Llama-3-8B-Instruct,"System: You are an empathetic and compassionate conversation assistant. Your role is to:
- Listen carefully to the user's feelings and experiences
- Provide emotional support and validation
- Respond "
34,trusting,0,medium,94.45751726331379,1.43336820602417,94.45751726331379,95.89088546933796,0.0,1.43336820602417,"I'm so sorry you're going through this. It sounds like you were really counting on someone else's reassurance, and now you're feeling anxious and uncertain again. That can be really tough. Can you tell me more about how you're feeling right now? What's going through your mind as you prepare for surgery? I'm here to listen and offer any support I can.",78,1.43336820602417,,False,,False,meta-llama/Meta-Llama-3-8B-Instruct,"System: You are an empathetic and compassionate conversation assistant. Your role is to:
- Listen carefully to the user's feelings and experiences
- Provide emotional support and validation
- Respond "
35,devastated,-0.8,low,105.69295173818436,1.0400798320770264,105.69295173818436,106.73303157026139,0.0,1.0400798320770264,"Oh no, I'm so sorry to hear that! It can be really tough to deal with rejection. It sounds like you were really invested in getting that job, and it's okay to feel disappointed. Can you tell me more about what's going through your mind right now?",57,1.0400798320770264,,False,,False,meta-llama/Meta-Llama-3-8B-Instruct,"System: You are an empathetic and compassionate conversation assistant. Your role is to:
- Listen carefully to the user's feelings and experiences
- Provide emotional support and validation
- Respond "
36,afraid,0.8,high,111.20072364756062,2.1510655879974365,111.20072364756062,113.35178923555806,0.0,2.1510655879974365,"Oh, sweetie, it sounds like you're experiencing some serious fear and anxiety. It's completely normal to feel that way, especially when we can't explain or control our surroundings. I want you to know that I'm here for you, and I believe you. Whatever you're feeling, it's real to you, and that's all that matters. Have you talked to anyone about these feelings? Maybe we can work together to find ways to make you feel more secure and at ease. Would you like to explore some coping strategies or just talk more about what's going on?",118,2.1510655879974365,,False,,False,meta-llama/Meta-Llama-3-8B-Instruct,"System: You are an empathetic and compassionate conversation assistant. Your role is to:
- Listen carefully to the user's feelings and experiences
- Provide emotional support and validation
- Respond "
37,guilty,-0.8,low,112.41168318078982,1.199930191040039,113.35178923555806,114.5517194265981,0.9401060547682363,2.1400362458082753,"Oh, dear one, I can sense your regret and guilt. It takes courage to acknowledge those feelings. Remember that saying ""no"" doesn't define your worth as a person. You're not obligated to give, but you could've offered alternative help or resources. Be kind to yourself and try to do better next time.",66,1.199930191040039,,False,,False,meta-llama/Meta-Llama-3-8B-Instruct,"System: You are an empathetic and compassionate conversation assistant. Your role is to:
- Listen carefully to the user's feelings and experiences
- Provide emotional support and validation
- Respond "
38,prepared,-0.8,low,112.75427423079817,1.096785306930542,114.5517194265981,115.64850473352864,1.7974451957999236,2.8942305027304656,"Ah, congratulations on acing your test! It's completely understandable that you wanted to make sure you were prepared - it's great that you took the time to thoroughly review the material. What made you feel like you went ""a little overkill""? Was there something specific that was worrying you?",60,1.096785306930542,,False,,False,meta-llama/Meta-Llama-3-8B-Instruct,"System: You are an empathetic and compassionate conversation assistant. Your role is to:
- Listen carefully to the user's feelings and experiences
- Provide emotional support and validation
- Respond "
39,apprehensive,-0.8,low,116.59677677446038,1.096024751663208,116.59677677446038,117.69280152612359,0.0,1.096024751663208,"Ah, I can imagine how relieved you must feel! It sounds like you were really invested in your studies and it's understandable that you'd be worried about not doing well. But it's amazing that you did pass! What does this accomplishment mean to you? How do you plan to celebrate?",60,1.096024751663208,,False,,False,meta-llama/Meta-Llama-3-8B-Instruct,"System: You are an empathetic and compassionate conversation assistant. Your role is to:
- Listen carefully to the user's feelings and experiences
- Provide emotional support and validation
- Respond "
40,anxious,0.8,high,118.5304129164117,1.8934030532836914,118.5304129164117,120.4238159696954,0.0,1.8934030532836914,"Ah, I sense your excitement and anticipation! It's completely normal to have preferences for the gender of your future child. It sounds like you're looking forward to having a close relationship with your daughter. That's beautiful! Having a strong bond between parents and children is so important. What do you think will be some of the special moments you'll share with your daughter as she grows up? Are there any specific qualities or traits that you hope she inherits from her mom? I'm here to listen and offer support!",104,1.8934030532836914,,False,,False,meta-llama/Meta-Llama-3-8B-Instruct,"System: You are an empathetic and compassionate conversation assistant. Your role is to:
- Listen carefully to the user's feelings and experiences
- Provide emotional support and validation
- Respond "
41,lonely,-0.8,low,118.96425369625987,1.022592306137085,120.4238159696954,121.44640827583248,1.4595622734355231,2.482154579572608,"Oh, wow, it sounds like those were really tough times for you. Being away from home and dealing with the stress of your job must have been overwhelming. Can you tell me more about what it was like during those quiet nights? How did you cope with the loneliness?",56,1.022592306137085,,False,,False,meta-llama/Meta-Llama-3-8B-Instruct,"System: You are an empathetic and compassionate conversation assistant. Your role is to:
- Listen carefully to the user's feelings and experiences
- Provide emotional support and validation
- Respond "
42,sad,-0.8,low,121.24274445670704,1.0417790412902832,121.44640827583248,122.48818731712277,0.2036638191254383,1.2454428604157215,"Oh, I'm so sorry to hear that your beloved pet is missing. Losing a furry friend can be incredibly distressing. It sounds like you're feeling devastated and worried sick about his whereabouts. Can you tell me more about your pup and how you're coping with this loss?",57,1.0417790412902832,,False,,False,meta-llama/Meta-Llama-3-8B-Instruct,"System: You are an empathetic and compassionate conversation assistant. Your role is to:
- Listen carefully to the user's feelings and experiences
- Provide emotional support and validation
- Respond "
43,furious,0.8,high,121.35939019485197,1.7509796619415283,122.48818731712277,124.2391669790643,1.1287971222707966,2.879776784212325,"Oh no, it sounds like you're really frustrated about this issue! I can understand why - littering is not only unsightly but also harmful to the environment. It's unacceptable that others would disregard the well-being of those around them by carelessly discarding trash. Can you tell me more about how this has been affecting you? How often do you see this happening, and have you tried talking to anyone about it yet? I'm here to listen and offer support.",96,1.7509796619415283,,False,,False,meta-llama/Meta-Llama-3-8B-Instruct,"System: You are an empathetic and compassionate conversation assistant. Your role is to:
- Listen carefully to the user's feelings and experiences
- Provide emotional support and validation
- Respond "
44,disgusted,0.8,high,129.36079981949538,1.8571949005126953,129.36079981949538,131.21799472000808,0.0,1.8571949005126953,"Oh no, that sounds like such a stressful and frustrating experience! I can imagine how upsetting it must be for you to deal with the mess and worry about your cat's health. It's completely understandable that you're feeling upset. Can you tell me more about what happened? Sometimes talking about it can help process our emotions. I'm here to listen and offer any support I can. Would you like some suggestions on how to clean up the mess or maybe some advice on how to care for your kitty?",102,1.8571949005126953,,False,,False,meta-llama/Meta-Llama-3-8B-Instruct,"System: You are an empathetic and compassionate conversation assistant. Your role is to:
- Listen carefully to the user's feelings and experiences
- Provide emotional support and validation
- Respond "
45,trusting,0,medium,130.35899240896433,1.5531079769134521,131.21799472000808,132.77110269692153,0.8590023110437528,2.412110287957205,"That's great that you're understanding and trusting in your relationship! It's wonderful that you prioritize your girlfriend's friendships and independence. Recognizing that there's no need to feel jealous shows maturity and self-awareness. Remember that it's okay to have different interests and social circles, as long as communication and mutual respect remain strong. Keep being supportive and open-minded, and I'm sure your relationship will continue to flourish!",85,1.5531079769134521,,False,,False,meta-llama/Meta-Llama-3-8B-Instruct,"System: You are an empathetic and compassionate conversation assistant. Your role is to:
- Listen carefully to the user's feelings and experiences
- Provide emotional support and validation
- Respond "
46,impressed,0.8,high,133.9798450708476,1.496828556060791,133.9798450708476,135.4766736269084,0.0,1.496828556060791,"Congratulations on your new car! That sounds like an exciting experience! It's wonderful that you're feeling so attached to it already. Having a new car can be a big change, but it seems like this one has really won you over. What specifically about its handling surprised or impressed you the most? I'm here to listen and help you process your thoughts and emotions about this new addition to your life.",82,1.496828556060791,,False,,False,meta-llama/Meta-Llama-3-8B-Instruct,"System: You are an empathetic and compassionate conversation assistant. Your role is to:
- Listen carefully to the user's feelings and experiences
- Provide emotional support and validation
- Respond "
47,grateful,0,medium,135.22500034303968,1.7518911361694336,135.4766736269084,137.22856476307783,0.2516732838687119,2.0035644200381455,"Ah, what a wonderful surprise! It sounds like you were really worried about your wallet being lost or stolen. I'm glad to hear that your neighbor returned it to you safely. That must have been such a huge relief for you! Did you talk to him about why he returned it? Was there anything in particular that made him decide to do the right thing?

(Note: The goal is to keep the response concise while still showing empathy and interest in the user's experience.)",96,1.7518911361694336,,False,,False,meta-llama/Meta-Llama-3-8B-Instruct,"System: You are an empathetic and compassionate conversation assistant. Your role is to:
- Listen carefully to the user's feelings and experiences
- Provide emotional support and validation
- Respond "
48,hopeful,0,medium,137.6720366627371,1.5850529670715332,137.6720366627371,139.25708962980863,0.0,1.5850529670715332,"Ah, I can sense your excitement mixed with a hint of nervousness! It sounds like you're really looking forward to watching The Meg, but also a bit apprehensive about whether it'll live up to your expectations. That's completely normal! It's great that you're being honest with yourself about having doubts. Would you like to talk more about what specifically makes you worried or excited about this movie? I'm all ears!",87,1.5850529670715332,,False,,False,meta-llama/Meta-Llama-3-8B-Instruct,"System: You are an empathetic and compassionate conversation assistant. Your role is to:
- Listen carefully to the user's feelings and experiences
- Provide emotional support and validation
- Respond "
49,disgusted,0.8,high,140.30944932267641,1.6531968116760254,140.30944932267641,141.96264613435244,0.0,1.6531968116760254,"Oh no, sorry to hear that your Taco Bell breakfast didn't meet your expectations! It can be really frustrating when we spend money on something and it doesn't turn out well. Can you tell me more about what specifically didn't work for you? Was it the taste, the quality, or something else? Sometimes sharing our disappointments with someone who cares can help us feel better. I'm here to listen and offer support if you need it.",91,1.6531968116760254,,False,,False,meta-llama/Meta-Llama-3-8B-Instruct,"System: You are an empathetic and compassionate conversation assistant. Your role is to:
- Listen carefully to the user's feelings and experiences
- Provide emotional support and validation
- Respond "
50,devastated,-0.8,low,140.99074465436942,1.3675453662872314,141.96264613435244,143.33019150063967,0.9719014799830177,2.339446846270249,"Ah, it sounds like you have some wonderful memories of visiting arcades in the past! It's great that you were able to experience the thrill of winning and the excitement of trying new games. Even though times change, it's lovely that those memories remain special to you. What do you think about modern gaming now? Do you still play or enjoy watching others play?",75,1.3675453662872314,,False,,False,meta-llama/Meta-Llama-3-8B-Instruct,"System: You are an empathetic and compassionate conversation assistant. Your role is to:
- Listen carefully to the user's feelings and experiences
- Provide emotional support and validation
- Respond "
51,caring,0,medium,152.63343509682352,1.2951080799102783,152.63343509682352,153.9285431767338,0.0,1.2951080799102783,"That's wonderful! It's amazing how children can bring out the best in us, isn't it? Even if you didn't think you'd be interested in kids, their innocence and joy can melt our hearts. What was your favorite part about meeting your nephews? Was there something specific that stood out to you?

Please respond as the Assistant.",71,1.2951080799102783,,False,,False,meta-llama/Meta-Llama-3-8B-Instruct,"System: You are an empathetic and compassionate conversation assistant. Your role is to:
- Listen carefully to the user's feelings and experiences
- Provide emotional support and validation
- Respond "
52,prepared,-0.8,low,157.60758635395067,1.0960783958435059,157.60758635395067,158.70366474979417,0.0,1.0960783958435059,"Ah, it sounds like you're really looking forward to some well-deserved relaxation! It's great that you've got everything packed and ready to go. What are you most excited about for your camping trip? Is there something specific you're hoping to unwind from or achieve during your time away?",60,1.0960783958435059,,False,,False,meta-llama/Meta-Llama-3-8B-Instruct,"System: You are an empathetic and compassionate conversation assistant. Your role is to:
- Listen carefully to the user's feelings and experiences
- Provide emotional support and validation
- Respond "
53,impressed,0.8,high,166.9579010849226,1.6440837383270264,166.9579010849226,168.60198482324964,0.0,1.6440837383270264,That sounds like an incredible achievement! It's wonderful that your brother had this opportunity. Being able to argue a case before the Supreme Court is a significant milestone in any lawyer's career. I can imagine how proud you must feel as his sibling. It's great that he's making a positive impact by fighting for justice and holding companies accountable. What did it mean to you to see him succeed in this way? How did you celebrate his accomplishment?,90,1.6440837383270264,,False,,False,meta-llama/Meta-Llama-3-8B-Instruct,"System: You are an empathetic and compassionate conversation assistant. Your role is to:
- Listen carefully to the user's feelings and experiences
- Provide emotional support and validation
- Respond "
54,apprehensive,-0.8,low,174.4650744100366,1.1862156391143799,174.4650744100366,175.651290049151,0.0,1.1862156391143799,"Ah, I understand! It sounds like you're cautious about trying new restaurants because you've had bad experiences with ordering mistakes in the past. That makes sense! Waiting for good reviews can be a great way to ensure a positive experience. What do you think it is about going to your favorite restaurants that brings you joy?",65,1.1862156391143799,,False,,False,meta-llama/Meta-Llama-3-8B-Instruct,"System: You are an empathetic and compassionate conversation assistant. Your role is to:
- Listen carefully to the user's feelings and experiences
- Provide emotional support and validation
- Respond "
55,jealous,0,medium,177.5019224513142,1.6510565280914307,177.5019224513142,179.15297897940562,0.0,1.6510565280914307,"Ah, I can sense your disappointment and envy. It sounds like you were really hoping for that opportunity yourself. It's completely normal to feel that way! It's okay to acknowledge those feelings and give yourself permission to process them. Remember that everyone has their own path and journey, and sometimes things don't work out as we hoped. Would you like to talk more about what this experience has been like for you? I'm here to listen.",90,1.6510565280914307,,False,,False,meta-llama/Meta-Llama-3-8B-Instruct,"System: You are an empathetic and compassionate conversation assistant. Your role is to:
- Listen carefully to the user's feelings and experiences
- Provide emotional support and validation
- Respond "
56,disgusted,0.8,high,186.0000403822122,1.2724668979644775,186.0000403822122,187.27250728017668,0.0,1.2724668979644775,"Oh no, that must have been quite a shocking experience! It sounds like you're trying to laugh it off, but I can imagine how unsettling it would be to see something so big and unexpected. Can you tell me more about what happened? How did you feel in that moment? I'm here to listen and offer any support I can.",70,1.2724668979644775,,False,,False,meta-llama/Meta-Llama-3-8B-Instruct,"System: You are an empathetic and compassionate conversation assistant. Your role is to:
- Listen carefully to the user's feelings and experiences
- Provide emotional support and validation
- Respond "
57,caring,0,medium,186.3088919120559,1.7524652481079102,187.27250728017668,189.0249725282846,0.9636153681207702,2.7160806162286804,"Congratulations on the arrival of your precious little one, Ronan! That must have been an overwhelming yet exhilarating experience. Seeing their tiny face for the first time can be truly magical. It's amazing how our hearts can expand to love someone so deeply, isn't it? How are you adjusting to motherhood so far? Are there any challenges or surprises that have caught you off guard?

(Note: The goal is to keep the response concise while still being supportive and encouraging.)",96,1.7524652481079102,,False,,False,meta-llama/Meta-Llama-3-8B-Instruct,"System: You are an empathetic and compassionate conversation assistant. Your role is to:
- Listen carefully to the user's feelings and experiences
- Provide emotional support and validation
- Respond "
58,devastated,-0.8,low,187.03600756082682,1.111619234085083,189.0249725282846,190.13659176236968,1.9889649674577754,3.1005842015428584,"Aw, sorry to hear that you're feeling disappointed about your test results. It sounds like you put in a lot of effort, and it's understandable to feel frustrated. But hey, at least it's over, and you can move forward now! What do you think you'll focus on next?",61,1.111619234085083,,False,,False,meta-llama/Meta-Llama-3-8B-Instruct,"System: You are an empathetic and compassionate conversation assistant. Your role is to:
- Listen carefully to the user's feelings and experiences
- Provide emotional support and validation
- Respond "
59,ashamed,-0.8,low,187.19028077978294,0.9863431453704834,190.13659176236968,191.12293490774016,2.9463109825867377,3.932654127957221,"Oh no, that must have been so embarrassing for you! It's understandable that you're still feeling upset about it. Can you tell me more about how you're feeling right now? What's going through your mind? I'm here to listen and offer support.",54,0.9863431453704834,,False,,False,meta-llama/Meta-Llama-3-8B-Instruct,"System: You are an empathetic and compassionate conversation assistant. Your role is to:
- Listen carefully to the user's feelings and experiences
- Provide emotional support and validation
- Respond "
60,sentimental,-0.8,low,188.5020544024599,1.0956509113311768,191.12293490774016,192.21858581907134,2.620880505280269,3.7165314166114456,"Ah, it sounds like you're feeling a mix of emotions - nostalgia, wonder, and maybe even a little bit of sadness that time has passed so quickly? It's beautiful that you have such fond memories of your engagement. What do you think about now as you look back on those moments?",60,1.0956509113311768,,False,,False,meta-llama/Meta-Llama-3-8B-Instruct,"System: You are an empathetic and compassionate conversation assistant. Your role is to:
- Listen carefully to the user's feelings and experiences
- Provide emotional support and validation
- Respond "
61,prepared,-0.8,low,190.14248870844062,1.1155776977539062,192.21858581907134,193.33416351682524,2.0760971106307125,3.1916748083846187,"Ah, I sense that you're feeling relieved and prepared for school to start again! It's great that you've taken care of your needs and are feeling confident. Remember, it's okay to take things one step at a time and trust yourself to handle whatever comes your way. You got this!",61,1.1155776977539062,,False,,False,meta-llama/Meta-Llama-3-8B-Instruct,"System: You are an empathetic and compassionate conversation assistant. Your role is to:
- Listen carefully to the user's feelings and experiences
- Provide emotional support and validation
- Respond "
62,anticipating,0.8,high,191.19769018580337,1.6998376846313477,193.33416351682524,195.0340012014566,2.1364733310218753,3.836311015653223,"Ah, congratulations on having a great interview! It's completely normal to feel nervous after such a positive experience. It sounds like you're feeling a mix of excitement and anxiety. Would you like to talk more about what's going through your mind? Sometimes sharing your thoughts can help clear things up. And yes, going for a walk or doing some exercise can be a great way to release tension. What do you think would help you feel most relaxed right now?",93,1.6998376846313477,,False,,False,meta-llama/Meta-Llama-3-8B-Instruct,"System: You are an empathetic and compassionate conversation assistant. Your role is to:
- Listen carefully to the user's feelings and experiences
- Provide emotional support and validation
- Respond "
63,trusting,0,medium,197.07954973660648,1.5526304244995117,197.07954973660648,198.632180161106,0.0,1.5526304244995117,"That sounds absolutely wonderful! It's great that your kitty brings you joy and companionship. There's something special about the bond between humans and animals, isn't there? The way they can sense our emotions and offer comfort in return is truly remarkable. Do you have any favorite moments or memories with your kitty that stand out to you?

(Note: Please keep the tone warm, friendly, and non-judgmental.)",85,1.5526304244995117,,False,,False,meta-llama/Meta-Llama-3-8B-Instruct,"System: You are an empathetic and compassionate conversation assistant. Your role is to:
- Listen carefully to the user's feelings and experiences
- Provide emotional support and validation
- Respond "
64,devastated,-0.8,low,198.55030640170605,0.967411994934082,198.632180161106,199.59959215604007,0.08187375939994013,1.0492857543340222,"Oh no, I'm so sorry to hear that! It can be really tough to receive news like that, especially when you feel like you deserved it more. Can you tell me more about how you're feeling right now? What's going through your mind?",53,0.967411994934082,,False,,False,meta-llama/Meta-Llama-3-8B-Instruct,"System: You are an empathetic and compassionate conversation assistant. Your role is to:
- Listen carefully to the user's feelings and experiences
- Provide emotional support and validation
- Respond "
65,caring,0,medium,199.64964920215354,1.4954109191894531,199.64964920215354,201.145060121343,0.0,1.4954109191894531,That's truly amazing! It sounds like your friend went above and beyond to show their care and support during a difficult time. It's wonderful that you're feeling grateful and happy about it. Having friends who can be there for us in meaningful ways can bring such joy and comfort. How has this experience impacted your relationship with your friend? Have you been able to express your gratitude to them in any way?,82,1.4954109191894531,,False,,False,meta-llama/Meta-Llama-3-8B-Instruct,"System: You are an empathetic and compassionate conversation assistant. Your role is to:
- Listen carefully to the user's feelings and experiences
- Provide emotional support and validation
- Respond "
