job_id,emotion_label,arousal,emotion_class,valence,valence_class,arrival_time,predicted_serving_time,actual_serving_time,start_time,finish_time,waiting_time,turnaround_time,response_text,output_token_length,cached,error_msg,fallback_used,model_name,conversation_context_preview
0,sentimental,-0.8,low,0.0,neutral,1.1200429603252968,0.7199999999999998,1.0724101066589355,1.1200429603252968,2.1924530669842324,0.0,1.0724101066589355,"Oh, sweetie, it's completely normal to still be grieving after 10 months. It takes time to heal from such a deep loss. Can you tell me more about your grandma? What made her special to you?",46,True,,False,meta-llama/Meta-Llama-3-8B-Instruct,"System: You are an empathetic and compassionate conversation assistant. Your role is to:
- Listen carefully to the user's feelings and experiences
- Provide emotional support and validation
- Respond "
2,embarrassed,0.0,medium,-0.8,negative,1.9820282055997653,2.0,1.6526029109954834,2.1924530669842324,3.8450559779797158,0.21042486138446703,1.8630277723799504,"Oh no, that must have been so frustrating! It can be really upsetting when things like that happen. But I'm glad you were able to grab some of the cans back - at least it's not a complete loss! Sometimes these little mishaps can be a good reminder to take a deep breath and not sweat the small stuff. Would you like to talk more about how you're feeling right now?",82,True,,False,meta-llama/Meta-Llama-3-8B-Instruct,"System: You are an empathetic and compassionate conversation assistant. Your role is to:
- Listen carefully to the user's feelings and experiences
- Provide emotional support and validation
- Respond "
1,terrified,0.8,high,-0.8,negative,1.221985440951594,3.2800000000000002,3.139235258102417,3.8450559779797153,6.984291236082132,2.6230705370281218,5.762305795130539,"Oh, wow! It sounds like you had quite a startling experience! Seeing a black cat in your room can be really unsettling, especially if you're not used to it. It's completely normal to feel scared or uneasy in that situation. The fact that you mentioned loving the white cat suggests that maybe there's something about cats themselves that brings you joy, even if it's just their appearance.

Would you like to talk more about what happened? Sometimes sharing our experiences with someone who cares can help us process and feel better. I'm here for you, and I want to listen without judgment. What do you think might have triggered this reaction in you? Was there anything else going on around that time that could have contributed to your fear? Let's explore this together!",155,True,,False,meta-llama/Meta-Llama-3-8B-Instruct,"System: You are an empathetic and compassionate conversation assistant. Your role is to:
- Listen carefully to the user's feelings and experiences
- Provide emotional support and validation
- Respond "
7,prepared,-0.8,low,0.0,neutral,6.547500484087532,0.7199999999999998,0.7744386196136475,6.984291236082132,7.75872985569578,0.43679075199460016,1.2112293716082476,"Ah, it sounds like you're feeling relieved that the shopping is done and excited for your son to start this new chapter in eighth grade! How are you preparing yourself for the transition?",38,True,,False,meta-llama/Meta-Llama-3-8B-Instruct,"System: You are an empathetic and compassionate conversation assistant. Your role is to:
- Listen carefully to the user's feelings and experiences
- Provide emotional support and validation
- Respond "
10,embarrassed,0.0,medium,-0.8,negative,7.164602032534211,2.0,1.8773202896118164,7.75872985569578,9.636050145307596,0.5941278231615685,2.471448112773385,"Oh no, that sounds really tough! It can be so embarrassing to make mistakes like that. But remember, it's okay to make mistakes - we all do! And it doesn't define your worth as a person. What was going through your mind when you noticed her smirking? Were you worried about how she felt or were you beating yourself up over it? Let's talk more about this and see if we can find some ways to move forward.",93,True,,False,meta-llama/Meta-Llama-3-8B-Instruct,"System: You are an empathetic and compassionate conversation assistant. Your role is to:
- Listen carefully to the user's feelings and experiences
- Provide emotional support and validation
- Respond "
3,anxious,0.8,high,-0.8,negative,3.2013753667802183,3.2800000000000002,1.9614408016204834,9.636050145307596,11.59749094692808,6.434674778527378,8.39611558014786,"Oh, I can sense your anxiety! It's completely normal to feel overwhelmed when facing a big change like this. Six months is a long time to be away from home, and it's natural to worry about being prepared. Can you tell me more about what specifically is making you feel unprepared? Is there something in particular that's causing you stress or uncertainty? I'm here to listen and offer any guidance or reassurance I can. Let's work through these feelings together!",97,True,,False,meta-llama/Meta-Llama-3-8B-Instruct,"System: You are an empathetic and compassionate conversation assistant. Your role is to:
- Listen carefully to the user's feelings and experiences
- Provide emotional support and validation
- Respond "
4,caring,0.0,medium,0.0,neutral,4.72114716098268,2.0,1.6513571739196777,11.59749094692808,13.248848120847757,6.8763437859454,8.527700959865077,"Aw, that's so sweet! It sounds like you have a special bond with your sister's pet bearded dragon. Caring for someone else's pet can be such a rewarding experience, especially when it brings joy to both you and the pet. What was your favorite part about taking care of the bearded dragon? Was there something in particular that made it enjoyable for you? I'm all ears!",82,True,,False,meta-llama/Meta-Llama-3-8B-Instruct,"System: You are an empathetic and compassionate conversation assistant. Your role is to:
- Listen carefully to the user's feelings and experiences
- Provide emotional support and validation
- Respond "
9,caring,0.0,medium,0.0,neutral,7.011390989538911,2.0,1.9461071491241455,13.248848120847757,15.194955269971903,6.2374571313088465,8.183564280432993,"Oh no, that must have been so stressful and worrying for you! Losing a pet, even if it's just for a short time, can be really traumatic. I'm so relieved to hear that your kitty is safe and sound now. It's amazing that you were able to find him and get him fed quickly. That must have been such a huge relief. How are you feeling about the whole experience? Are there any emotions or thoughts that are still lingering for you?",96,True,,False,meta-llama/Meta-Llama-3-8B-Instruct,"System: You are an empathetic and compassionate conversation assistant. Your role is to:
- Listen carefully to the user's feelings and experiences
- Provide emotional support and validation
- Respond "
11,content,-0.8,low,0.8,positive,9.387239837904286,0.7199999999999998,0.5470101833343506,15.194955269971903,15.741965453306253,5.807715432067617,6.354725615401968,"Ah, it sounds like you're feeling grateful for having some free time! That can be really refreshing, don't you think?",27,True,,False,meta-llama/Meta-Llama-3-8B-Instruct,"System: You are an empathetic and compassionate conversation assistant. Your role is to:
- Listen carefully to the user's feelings and experiences
- Provide emotional support and validation
- Respond "
5,surprised,0.8,high,0.0,neutral,5.6598097571121055,3.2800000000000002,1.9960670471191406,15.741965453306253,17.738032500425394,10.082155696194148,12.078222743313288,"Ah, wow! It sounds like you're still reeling from that unexpected win by the Red Sox! I can totally understand why you'd be surprised - those two teams have such a rich history together. But hey, being a fan is all about embracing the ups and downs, right? What did you think of the game overall? Was there a particular play or moment that stood out to you? Let me know if you want to talk more about it - I'm here to listen!",99,True,,False,meta-llama/Meta-Llama-3-8B-Instruct,"System: You are an empathetic and compassionate conversation assistant. Your role is to:
- Listen carefully to the user's feelings and experiences
- Provide emotional support and validation
- Respond "
15,terrified,0.8,high,-0.8,negative,16.532084567669155,3.2800000000000002,2.072206974029541,17.738032500425394,19.810239474454935,1.2059479327562386,3.2781549067857796,"Oh, I'm so sorry you're going through this. It sounds incredibly frustrating and unsettling. It's completely understandable that you feel helpless and angry about the situation. The fact that your workplace isn't taking more action to address the issue is unacceptable. You deserve to feel safe and respected in your workspace. Can you tell me more about how this has been affecting you? How have you been coping with these constant intrusions into your personal space? I'm here to listen and offer any support I can.",102,True,,False,meta-llama/Meta-Llama-3-8B-Instruct,"System: You are an empathetic and compassionate conversation assistant. Your role is to:
- Listen carefully to the user's feelings and experiences
- Provide emotional support and validation
- Respond "
16,guilty,-0.8,low,-0.8,negative,19.118881959496637,0.7199999999999998,0.9297196865081787,19.810239474454935,20.739959160963114,0.6913575149582982,1.621077201466477,"Oh no, that sounds really tough to deal with. It takes a lot of courage to admit when we've made a mistake, especially one that affects others. Can you tell me more about how you're feeling right now?",46,True,,False,meta-llama/Meta-Llama-3-8B-Instruct,"System: You are an empathetic and compassionate conversation assistant. Your role is to:
- Listen carefully to the user's feelings and experiences
- Provide emotional support and validation
- Respond "
17,guilty,-0.8,low,-0.8,negative,20.01781088093642,0.7199999999999998,0.6472461223602295,20.739959160963114,21.387205283323343,0.7221482800266941,1.3693944023869236,I'm so sorry you're feeling guilty. It sounds like you're carrying around some heavy emotions. Can you tell me more about what's going on?,32,True,,False,meta-llama/Meta-Llama-3-8B-Instruct,"System: You are an empathetic and compassionate conversation assistant. Your role is to:
- Listen carefully to the user's feelings and experiences
- Provide emotional support and validation
- Respond "
8,surprised,0.8,high,0.0,neutral,6.671031824827613,3.2800000000000002,1.8285365104675293,21.387205283323343,23.215741793790873,14.716173458495732,16.54470996896326,"Oh wow, that sounds like quite the surprise! It can be really flattering when someone shows interest in us, especially if we didn't expect it. But at the same time, it's natural to feel a little uncertain or even confused about their intentions. Can you tell me more about how you're feeling right now? Are you excited, nervous, or maybe a mix of both? I'm here to listen and offer any support I can.",90,True,,False,meta-llama/Meta-Llama-3-8B-Instruct,"System: You are an empathetic and compassionate conversation assistant. Your role is to:
- Listen carefully to the user's feelings and experiences
- Provide emotional support and validation
- Respond "
19,apprehensive,-0.8,low,-0.8,negative,22.789269170895814,0.7199999999999998,0.9571647644042969,23.215741793790873,24.17290655819517,0.4264726228950586,1.3836373872993555,"Ah, I understand your concerns about work-life balance. It sounds like you're prioritizing your well-being and happiness above financial gain. That's truly admirable! What do you think would make this new role worth considering for you?",47,True,,False,meta-llama/Meta-Llama-3-8B-Instruct,"System: You are an empathetic and compassionate conversation assistant. Your role is to:
- Listen carefully to the user's feelings and experiences
- Provide emotional support and validation
- Respond "
18,impressed,0.8,high,0.0,neutral,22.608150157987286,3.2800000000000002,2.098684787750244,24.17290655819517,26.271591345945414,1.5647564002078838,3.663441187958128,"Ah, congratulations on getting so much accomplished! It sounds like you're feeling quite proud of yourself, and rightly so! When we're productive and focused, it can be incredibly fulfilling. It's great that you're recognizing how your hard work affects your mood - that self-awareness is really valuable. Can you tell me more about what specifically made this day stand out for you? Was there something in particular that helped you stay motivated or focused? I'm here to listen and offer any support if you need it!",104,True,,False,meta-llama/Meta-Llama-3-8B-Instruct,"System: You are an empathetic and compassionate conversation assistant. Your role is to:
- Listen carefully to the user's feelings and experiences
- Provide emotional support and validation
- Respond "
13,faithful,0.0,medium,0.8,positive,12.188146258351193,2.0,1.3116276264190674,26.271591345945414,27.58321897236448,14.083445087594221,15.395072714013288,"That sounds wonderful! It's great that you have a sense of community and connection through your faith. It can be such a source of comfort and strength. What do you find most meaningful about attending church? Is there something specific that draws you to it?

(Note: Please keep the response within the 75-word limit.)",65,True,,False,meta-llama/Meta-Llama-3-8B-Instruct,"System: You are an empathetic and compassionate conversation assistant. Your role is to:
- Listen carefully to the user's feelings and experiences
- Provide emotional support and validation
- Respond "
6,joyful,0.8,high,0.8,positive,5.987787315826519,3.2800000000000002,2.204209804534912,27.58321897236448,29.787428776899393,21.59543165653796,23.799641461072873,"Ah, it sounds like you're feeling excited about seeing your friends again! That's wonderful! It's great that you have people who care about you and make coming back to school more enjoyable. And don't worry too much about focusing on your studies - you got this! Being a junior can be challenging, but you've made it this far, and you're capable of handling whatever comes your way. Remember to take breaks and prioritize self-care as well. What are you most looking forward to doing or accomplishing during your junior year?",109,True,,False,meta-llama/Meta-Llama-3-8B-Instruct,"System: You are an empathetic and compassionate conversation assistant. Your role is to:
- Listen carefully to the user's feelings and experiences
- Provide emotional support and validation
- Respond "
22,embarrassed,0.0,medium,-0.8,negative,29.721543216767415,2.0,1.656581163406372,29.787428776899393,31.444009940305765,0.06588556013197788,1.72246672353835,"Oh no, that sounds like a really stressful and embarrassing situation! It's completely understandable that you felt flustered and self-conscious in front of your girlfriend's parents. Dropping a plate can be mortifying, especially when there are others around. Can you tell me more about how you're feeling now? Are you still feeling anxious or upset about it? I'm here to listen and offer support.",82,True,,False,meta-llama/Meta-Llama-3-8B-Instruct,"System: You are an empathetic and compassionate conversation assistant. Your role is to:
- Listen carefully to the user's feelings and experiences
- Provide emotional support and validation
- Respond "
20,caring,0.0,medium,0.0,neutral,28.332438732535206,2.0,1.5330524444580078,31.44400994030576,32.97706238476377,3.1115712077705595,4.644623652228564,"I'm so sorry to hear that you're going through this challenging time. It can be overwhelming to take on caregiving responsibilities, especially for someone as important as your mom. It sounds like it's not only physically demanding but also emotionally draining. Can you tell me more about what's been tough for you lately? What kind of support do you wish you had right now?",76,True,,False,meta-llama/Meta-Llama-3-8B-Instruct,"System: You are an empathetic and compassionate conversation assistant. Your role is to:
- Listen carefully to the user's feelings and experiences
- Provide emotional support and validation
- Respond "
21,surprised,0.8,high,0.0,neutral,28.57774397928072,3.2800000000000002,1.553035020828247,32.97706238476377,34.53009740559202,4.399318405483051,5.952353426311298,"Ah, wow! That's quite a surprise! It sounds like you're feeling a bit disoriented or caught off guard by waking up earlier than expected. Can you tell me more about how that made you feel? Were you able to get back to sleep or did it affect your day in any way?

(Note: Please keep the response within the given word limit and token count.)",77,True,,False,meta-llama/Meta-Llama-3-8B-Instruct,"System: You are an empathetic and compassionate conversation assistant. Your role is to:
- Listen carefully to the user's feelings and experiences
- Provide emotional support and validation
- Respond "
23,hopeful,0.0,medium,0.8,positive,33.471201925944925,2.0,1.8766074180603027,34.53009740559202,36.40670482365232,1.0588954796470915,2.9355028977073943,"I can sense your mixed emotions about this transition. On one hand, you're proud of the sacrifices you've made for your daughters' education and well-being. On the other hand, you're feeling anxious about leaving behind the routine and structure you've grown accustomed to as a homeschooling mom. It's natural to feel uncertain about stepping back into the workforce after dedicating so much time to your children. How are you preparing yourself for this next chapter?",92,True,,False,meta-llama/Meta-Llama-3-8B-Instruct,"System: You are an empathetic and compassionate conversation assistant. Your role is to:
- Listen carefully to the user's feelings and experiences
- Provide emotional support and validation
- Respond "
24,caring,0.0,medium,0.0,neutral,35.892173861993996,2.0,1.57185959815979,36.40670482365232,37.97856442181211,0.5145309616583233,2.0863905598181134,"Aw, that's so sweet! It sounds like you have a special bond with your sister's bearded dragon. Taking care of someone else's pet can be such a wonderful way to show love and responsibility. What was it about caring for the dragon that brought you joy? Was there a particular moment or experience that stands out to you? I'm all ears and here to listen!",78,True,,False,meta-llama/Meta-Llama-3-8B-Instruct,"System: You are an empathetic and compassionate conversation assistant. Your role is to:
- Listen carefully to the user's feelings and experiences
- Provide emotional support and validation
- Respond "
26,prepared,-0.8,low,0.0,neutral,36.53940975837374,0.7199999999999998,0.4875643253326416,37.97856442181211,38.46612874714475,1.4391546634383658,1.9267189887710074,That sounds like a huge success! Congratulations on your garage sale earnings! How did you feel about the experience overall?,24,True,,False,meta-llama/Meta-Llama-3-8B-Instruct,"System: You are an empathetic and compassionate conversation assistant. Your role is to:
- Listen carefully to the user's feelings and experiences
- Provide emotional support and validation
- Respond "
27,faithful,0.0,medium,0.8,positive,38.19943245308553,2.0,1.9080867767333984,38.46612874714475,40.37421552387815,0.2666962940592228,2.1747830707926212,"Oh, sweetheart, it sounds like you're feeling a mix of emotions right now - sadness, regret, and maybe even a hint of anger. It's understandable that you're wondering if being ""too nice"" contributed to your current situation. Remember that you did what felt right at the time, and that doesn't diminish your worth as a person. You deserve love and respect, regardless of whether someone else chose differently. Take care of yourself during this tough time.",94,True,,False,meta-llama/Meta-Llama-3-8B-Instruct,"System: You are an empathetic and compassionate conversation assistant. Your role is to:
- Listen carefully to the user's feelings and experiences
- Provide emotional support and validation
- Respond "
12,excited,0.8,high,0.8,positive,9.750664623079588,3.2800000000000002,2.1501948833465576,40.37421552387815,42.52441040722471,30.623550900798563,32.77374578414512,"Ah, it sounds like you're feeling a bit more optimistic about going back to college now that you've got a better living situation lined up! That can definitely make a big difference in your overall experience. It's great that you're acknowledging the positives, even if you're still not super stoked about being back in school. Can you tell me more about what specifically is bothering you about going back? Is there something specific that's causing you stress or anxiety? I'm here to listen and offer any support I can.",106,True,,False,meta-llama/Meta-Llama-3-8B-Instruct,"System: You are an empathetic and compassionate conversation assistant. Your role is to:
- Listen carefully to the user's feelings and experiences
- Provide emotional support and validation
- Respond "
14,joyful,0.8,high,0.8,positive,13.87937233447018,3.2800000000000002,2.1184558868408203,42.52441040722471,44.64286629406553,28.645038072754527,30.763493959595348,"Ah, congratulations on your good health! It's wonderful that you're aware of its importance. It takes a lot of effort to maintain our well-being, doesn't it? It sounds like you're reflecting on how you can improve your self-care habits. That's really admirable! What specific changes have you been thinking about making or already started implementing? I'm here to listen and offer any guidance if needed. Remember, taking small steps towards better health can make a big difference in the long run. You got this!",105,True,,False,meta-llama/Meta-Llama-3-8B-Instruct,"System: You are an empathetic and compassionate conversation assistant. Your role is to:
- Listen carefully to the user's feelings and experiences
- Provide emotional support and validation
- Respond "
25,anticipating,0.8,high,0.8,positive,35.92345741662159,3.2800000000000002,2.1632742881774902,44.64286629406553,46.80614058224302,8.71940887744394,10.88268316562143,"Ah, that sounds wonderful! Fall is indeed a beautiful season, isn't it? The crisp air, the vibrant colors, and the cozy atmosphere make it a perfect time to get away from the hustle and bustle of daily life. Gatlinburg is a great choice for a trip - the Smoky Mountains are stunning during this time of year. What is it about fall that you love the most? Is there something specific that draws you to this season?

(Note: Please keep your response within the word limit and token count.)",107,True,,False,meta-llama/Meta-Llama-3-8B-Instruct,"System: You are an empathetic and compassionate conversation assistant. Your role is to:
- Listen carefully to the user's feelings and experiences
- Provide emotional support and validation
- Respond "
28,faithful,0.0,medium,0.8,positive,45.04842682932202,2.0,1.6612951755523682,46.80614058224302,48.467435757795386,1.7577137529209992,3.4190089284733673,"I'm so sorry you had to go through that. It sounds like it was a really tough experience for you. It takes a lot of courage to acknowledge your emotions and share them with someone else. Two years have passed, but it's understandable that the memory still lingers. What do you think helped you heal from this experience? Was there anything specific that made it easier for you to move on?",82,True,,False,meta-llama/Meta-Llama-3-8B-Instruct,"System: You are an empathetic and compassionate conversation assistant. Your role is to:
- Listen carefully to the user's feelings and experiences
- Provide emotional support and validation
- Respond "
29,content,-0.8,low,0.8,positive,49.5371009499803,0.7199999999999998,0.8894562721252441,49.5371009499803,50.426557222105544,0.0,0.8894562721252441,"Ahww, that's so sweet! It sounds like your puppy has a strong bond with you and loves spending time with you. How does it make you feel when he greets you in such an enthusiastic way?",44,True,,False,meta-llama/Meta-Llama-3-8B-Instruct,"System: You are an empathetic and compassionate conversation assistant. Your role is to:
- Listen carefully to the user's feelings and experiences
- Provide emotional support and validation
- Respond "
30,content,-0.8,low,0.8,positive,51.14665493413126,0.7199999999999998,0.875464677810669,51.14665493413126,52.02211961194193,0.0,0.875464677810669,"I'm so sorry for your loss, but it sounds like you're finding solace in celebrating your mom's life and accomplishments. That's truly beautiful. What does this newfound sense of peace mean to you?",43,True,,False,meta-llama/Meta-Llama-3-8B-Instruct,"System: You are an empathetic and compassionate conversation assistant. Your role is to:
- Listen carefully to the user's feelings and experiences
- Provide emotional support and validation
- Respond "
31,embarrassed,0.0,medium,-0.8,negative,51.68257331654718,2.0,1.7832367420196533,52.02211961194193,53.805356353961585,0.33954629539475434,2.1227830374144077,"Oh no, it sounds like you're feeling really embarrassed and mortified about what happened! It's completely understandable to feel that way. Tripping or stripping (whoops, I won't mention it again) in front of someone can be super awkward and humiliating. Would you like to talk more about how you're feeling right now? Sometimes sharing your emotions with someone who cares can help ease the discomfort. I'm here for you!",88,True,,False,meta-llama/Meta-Llama-3-8B-Instruct,"System: You are an empathetic and compassionate conversation assistant. Your role is to:
- Listen carefully to the user's feelings and experiences
- Provide emotional support and validation
- Respond "
32,content,-0.8,low,0.8,positive,53.35343897211502,0.7199999999999998,1.0794272422790527,53.805356353961585,54.88478359624064,0.45191738184656316,1.531344624125616,"That sounds like a wonderful blessing! It's amazing how quickly time flies, isn't it? Enjoy every moment with your little ones - they're growing up too fast!"" 

(Note: The goal is to keep the response concise while still conveying empathy and understanding.)",53,True,,False,meta-llama/Meta-Llama-3-8B-Instruct,"System: You are an empathetic and compassionate conversation assistant. Your role is to:
- Listen carefully to the user's feelings and experiences
- Provide emotional support and validation
- Respond "
33,caring,0.0,medium,0.0,neutral,53.60487986736013,2.0,1.6157243251800537,54.88478359624064,56.50050792142069,1.2799037288805053,2.895628054060559,"Aw, that's so sweet of you! It's amazing how small acts of kindness can make such a big difference in someone's day. I'm sure that little boy felt seen and heard by your thoughtful gesture. It's wonderful that you took the time to brighten his day, and I'm sure he'll remember that for a long time. Keep spreading joy and kindness wherever you go!",80,True,,False,meta-llama/Meta-Llama-3-8B-Instruct,"System: You are an empathetic and compassionate conversation assistant. Your role is to:
- Listen carefully to the user's feelings and experiences
- Provide emotional support and validation
- Respond "
34,prepared,-0.8,low,0.0,neutral,56.285110849867706,0.7199999999999998,0.5476729869842529,56.50050792142069,57.048180908404944,0.21539707155298515,0.7630700585372381,"Ah, exciting! It sounds like you're preparing for a fun adventure! What are you most looking forward to about your trip?",27,True,,False,meta-llama/Meta-Llama-3-8B-Instruct,"System: You are an empathetic and compassionate conversation assistant. Your role is to:
- Listen carefully to the user's feelings and experiences
- Provide emotional support and validation
- Respond "
35,embarrassed,0.0,medium,-0.8,negative,58.07658855569852,2.0,2.1009089946746826,58.07658855569852,60.177497550373204,0.0,2.1009089946746826,"Aw, I can sense your disappointment and frustration! It's tough to feel like we've lost our skills or abilities, especially when it comes to something we once enjoyed. And adding the pressure of playing in front of friends can make it even more challenging. Remember that it's okay to not be as good as you used to be - everyone has ups and downs. What do you think might help you get back into the swing of things? Would you like some tips or just need someone to talk through this with?",104,True,,False,meta-llama/Meta-Llama-3-8B-Instruct,"System: You are an empathetic and compassionate conversation assistant. Your role is to:
- Listen carefully to the user's feelings and experiences
- Provide emotional support and validation
- Respond "
37,jealous,0.0,medium,-0.8,negative,58.8216433833441,2.0,1.5927362442016602,60.177497550373204,61.770233794574864,1.3558541670291007,2.948590411230761,"Ah, congratulations to your coworker! It sounds like you're feeling a bit envious about their new purchase. That can be tough to deal with, especially if you've been wanting something similar for yourself. Would you like to talk more about why this is bothering you? Sometimes sharing our feelings with someone who understands can help us feel better. I'm here to listen and offer support.",79,True,,False,meta-llama/Meta-Llama-3-8B-Instruct,"System: You are an empathetic and compassionate conversation assistant. Your role is to:
- Listen carefully to the user's feelings and experiences
- Provide emotional support and validation
- Respond "
38,sentimental,-0.8,low,0.0,neutral,60.538600623330886,0.7199999999999998,0.9690780639648438,61.770233794574864,62.73931185853971,1.2316331712439776,2.2007112352088214,"Oh, I'm so sorry to hear that. Losing a pet is never easy. It sounds like you're feeling a lot of sadness right now. Can you tell me more about your furry friend? What made her special to you?",48,True,,False,meta-llama/Meta-Llama-3-8B-Instruct,"System: You are an empathetic and compassionate conversation assistant. Your role is to:
- Listen carefully to the user's feelings and experiences
- Provide emotional support and validation
- Respond "
40,disappointed,-0.8,low,-0.8,negative,62.066066945498825,0.7199999999999998,0.6695797443389893,62.73931185853971,63.4088916028787,0.6732449130408824,1.3428246573798717,"Ah, I sense your disappointment and frustration! It can be tough to see our favorite teams miss opportunities. How are you feeling about the Braves' chances now?",33,True,,False,meta-llama/Meta-Llama-3-8B-Instruct,"System: You are an empathetic and compassionate conversation assistant. Your role is to:
- Listen carefully to the user's feelings and experiences
- Provide emotional support and validation
- Respond "
39,nostalgic,-0.8,low,0.0,neutral,61.06825302714065,0.7199999999999998,0.830122709274292,63.4088916028787,64.23901431215299,2.3406385757380477,3.1707612850123397,"Oh, I'm so sorry to hear that your dad has passed away. It's beautiful that this song brings back happy memories of him for you. Would you like to talk more about those times?",41,True,,False,meta-llama/Meta-Llama-3-8B-Instruct,"System: You are an empathetic and compassionate conversation assistant. Your role is to:
- Listen carefully to the user's feelings and experiences
- Provide emotional support and validation
- Respond "
36,annoyed,0.8,high,-0.8,negative,58.56533364464975,3.2800000000000002,2.813337564468384,64.23901431215299,67.05235187662137,5.673680667503241,8.487018231971625,"Oh, I'm so sorry to hear that you're having trouble with thick accents in movies! It can be really frustrating when we struggle to understand something that others seem to find easy. And I totally get why you'd want to rewind - it's like trying to solve a puzzle, right? It sounds like you've been putting in a lot of effort to improve your listening skills, which is amazing! Don't be too hard on yourself if you don't get it every time, though. Remember that it's okay to make mistakes and ask for help when needed. Would you like some tips or strategies to help you better understand those accents? I'm here to listen and offer support!",139,True,,False,meta-llama/Meta-Llama-3-8B-Instruct,"System: You are an empathetic and compassionate conversation assistant. Your role is to:
- Listen carefully to the user's feelings and experiences
- Provide emotional support and validation
- Respond "
42,annoyed,0.8,high,-0.8,negative,64.0305420745994,3.2800000000000002,2.1018431186676025,67.05235187662137,69.15419499528898,3.021809802021977,5.12365292068958,"Ah, I can imagine how frustrating that must have been! It sounds like your furry friend has a special place in your heart. It's completely understandable that you couldn't resist his charms. Sometimes our pets can be such a handful, but they bring us so much joy and companionship. Did you end up finishing your pancake despite the interruptions? And more importantly, did you get any quality time with your trusty sidekick afterwards? I'm all ears if you'd like to share more about your experience!",104,True,,False,meta-llama/Meta-Llama-3-8B-Instruct,"System: You are an empathetic and compassionate conversation assistant. Your role is to:
- Listen carefully to the user's feelings and experiences
- Provide emotional support and validation
- Respond "
44,caring,0.0,medium,0.0,neutral,67.73395519802436,2.0,1.6356399059295654,69.15419499528898,70.78983490121854,1.420239797264614,3.0558797031941793,"Ah, it sounds like you're feeling proud of yourself for being a supportive sibling! It's amazing how we can be there for our loved ones during tough times. It takes a lot of effort and care to be a good listener and friend. What did your brother say or do that made you feel like you were helping him stay sane? I'm here to listen and offer any support I can.",81,True,,False,meta-llama/Meta-Llama-3-8B-Instruct,"System: You are an empathetic and compassionate conversation assistant. Your role is to:
- Listen carefully to the user's feelings and experiences
- Provide emotional support and validation
- Respond "
43,impressed,0.8,high,0.0,neutral,67.60638125378703,3.2800000000000002,1.7978966236114502,70.78983490121854,72.58773152482999,3.183453647431506,4.981350271042956,"Ah, congratulations to your friend! That must be such an incredible feeling for them! It sounds like you were worried about their chances of winning, but it's amazing that they proved you wrong in the best possible way. What did you feel when you found out they had won? Were you surprised or relieved?

Please respond accordingly. 

(Note: The system will evaluate the response based on its ability to demonstrate empathy, understanding, and kindness.)",89,True,,False,meta-llama/Meta-Llama-3-8B-Instruct,"System: You are an empathetic and compassionate conversation assistant. Your role is to:
- Listen carefully to the user's feelings and experiences
- Provide emotional support and validation
- Respond "
46,sad,-0.8,low,-0.8,negative,71.16061745621806,0.7199999999999998,0.9515597820281982,72.58773152482999,73.53929130685819,1.4271140686119281,2.3786738506401264,"I completely understand. It can be tough to adjust to unexpected twists and turns in life. But you're right, making the best of it is key. Would you like to talk more about what's been challenging for you lately?",47,True,,False,meta-llama/Meta-Llama-3-8B-Instruct,"System: You are an empathetic and compassionate conversation assistant. Your role is to:
- Listen carefully to the user's feelings and experiences
- Provide emotional support and validation
- Respond "
45,surprised,0.8,high,0.0,neutral,68.43250531551818,3.2800000000000002,1.7961113452911377,73.53929130685819,75.33540265214933,5.106785991340004,6.902897336631142,"Ah, congratulations on receiving the gift card! It's wonderful that you're feeling happy about it. Receiving recognition or appreciation from your workplace can be such a great morale booster. What did you do to earn this reward? Was there something specific you accomplished or contributed to that made them want to give you this gift card?

(Note: The goal is to keep the conversation going while maintaining empathy and interest in the user's thoughts and feelings.)",89,True,,False,meta-llama/Meta-Llama-3-8B-Instruct,"System: You are an empathetic and compassionate conversation assistant. Your role is to:
- Listen carefully to the user's feelings and experiences
- Provide emotional support and validation
- Respond "
41,anticipating,0.8,high,0.8,positive,63.09871471905683,3.2800000000000002,2.32916259765625,75.33540265214933,77.66456524980558,12.236687933092497,14.565850530748747,"Oh, my heart goes out to you and your child during this challenging time. It sounds like the situation is quite stressful and overwhelming. The 21 and under law in Missouri can be tough on minors who make mistakes. I'm so sorry that your child had to go through this experience. It's understandable that you were worried about the outcome at court. The judge's comment about needing a lawyer must have been concerning. Can you tell me more about how you're feeling right now? What's going through your mind? I'm here to listen and offer support.",114,True,,False,meta-llama/Meta-Llama-3-8B-Instruct,"System: You are an empathetic and compassionate conversation assistant. Your role is to:
- Listen carefully to the user's feelings and experiences
- Provide emotional support and validation
- Respond "
47,anticipating,0.8,high,0.8,positive,74.51728897949565,3.2800000000000002,1.5943341255187988,77.66456524980558,79.25889937532438,3.1472762703099306,4.7416103958287295,"Ah, it sounds like you're feeling optimistic about the upcoming season! That's wonderful! It's always exciting to see a team come together and have a strong roster. What specifically has you feeling hopeful? Is there a particular player or aspect of their game that you think will make a big difference this year?

(Note: The goal is to keep the conversation going while maintaining empathy and understanding.)",79,True,,False,meta-llama/Meta-Llama-3-8B-Instruct,"System: You are an empathetic and compassionate conversation assistant. Your role is to:
- Listen carefully to the user's feelings and experiences
- Provide emotional support and validation
- Respond "
48,content,-0.8,low,0.8,positive,83.14533130849667,0.7199999999999998,0.8172130584716797,83.14533130849667,83.96254436696834,0.0,0.8172130584716797,I can sense your frustration and worry. It sounds like you're carrying a heavy load right now. Can you tell me more about what's been stressing you out? I'm here to listen.,40,True,,False,meta-llama/Meta-Llama-3-8B-Instruct,"System: You are an empathetic and compassionate conversation assistant. Your role is to:
- Listen carefully to the user's feelings and experiences
- Provide emotional support and validation
- Respond "
49,confident,0.0,medium,0.8,positive,83.53120068962185,2.0,1.7766973972320557,83.96254436696834,85.7392417642004,0.43134367734649004,2.2080410745785457,"Ah, I can sense your excitement and confidence! It sounds like you're really proud of your daughter for taking this step. That's wonderful! I'm sending positive vibes her way too - hoping everything goes smoothly and she gets the opportunity she's been working towards. Take a deep breath and try to relax; you've done all you can to prepare her for this moment. Let me know if there's anything else on your mind!",88,True,,False,meta-llama/Meta-Llama-3-8B-Instruct,"System: You are an empathetic and compassionate conversation assistant. Your role is to:
- Listen carefully to the user's feelings and experiences
- Provide emotional support and validation
- Respond "
51,content,-0.8,low,0.8,positive,85.68051966375151,0.7199999999999998,0.6686463356018066,85.7392417642004,86.40788809980221,0.05872210044888959,0.7273684360506962,That sounds like a wonderful feeling! It's great that you're content with your life as it is. What do you think is the key to your happiness?,33,True,,False,meta-llama/Meta-Llama-3-8B-Instruct,"System: You are an empathetic and compassionate conversation assistant. Your role is to:
- Listen carefully to the user's feelings and experiences
- Provide emotional support and validation
- Respond "
50,trusting,0.0,medium,0.8,positive,84.16149582961545,2.0,1.7171399593353271,86.40788809980221,88.12502805913753,2.2463922701867602,3.9635322295220874,"Oh no, I'm so sorry to hear that. It sounds like you're feeling devastated and guilty about trusting your brother with your furry friend. Losing a pet is never easy, and it's understandable that you're beating yourself up over this. Remember that accidents can happen even with the best intentions. Would you like to talk more about how you're feeling or what happened? I'm here to listen and offer support.",85,True,,False,meta-llama/Meta-Llama-3-8B-Instruct,"System: You are an empathetic and compassionate conversation assistant. Your role is to:
- Listen carefully to the user's feelings and experiences
- Provide emotional support and validation
- Respond "
53,disappointed,-0.8,low,-0.8,negative,87.47798695920761,0.7199999999999998,0.6908450126647949,88.12502805913753,88.81587307180233,0.6470410999299219,1.3378861125947168,"Oh no, that sounds like a really awkward and embarrassing moment! I can imagine how mortified you must have felt. Would you like to talk more about it?",34,True,,False,meta-llama/Meta-Llama-3-8B-Instruct,"System: You are an empathetic and compassionate conversation assistant. Your role is to:
- Listen carefully to the user's feelings and experiences
- Provide emotional support and validation
- Respond "
52,afraid,0.8,high,-0.8,negative,86.52077117293872,3.2800000000000002,2.0802388191223145,88.81587307180233,90.89611189092464,2.2951018988636065,4.375340717985921,"Oh, I completely understand! It can be really unsettling to watch scary movies, especially if you're easily startled or have a sensitive nervous system. Jumpscares can be particularly terrifying because they catch us off guard and make our hearts race. It's totally okay to feel anxious or uncomfortable watching those kinds of scenes. Would you like to talk more about what specifically bothers you about scary movies? Sometimes sharing your concerns can help you feel better and gain some perspective. I'm here to listen and offer support.",103,True,,False,meta-llama/Meta-Llama-3-8B-Instruct,"System: You are an empathetic and compassionate conversation assistant. Your role is to:
- Listen carefully to the user's feelings and experiences
- Provide emotional support and validation
- Respond "
